unsigned int x,unsigned int y,unsigned int theta1,unsigned int theta2
2428252568,2303050658,     16077,     25123
 798265622,1923305547,      3093,     50720
3764779856,2806047717,      2386,      9696
2591481058, 897247734,      1617,     16394
3848777175,4198511443,       272,     46055
1900389724, 799289553,     12959,     18535
3531914234,4257530535,     23905,      3968
3140567974,2477702977,      3446,     12997
2792870148,2353836514,      5871,      3694
 780820014, 989948449,       880,      4697
3683193479,1629806647,      2643,      8018
4219507578,1992324001,      3736,     50624
1641572847,3570872895,      5384,     25030
4085311472,3530077257,     38725,     15783
 758594670,2341247296,      3446,     33327
 930242554, 132038958,     13202,     44360
4162529737,3193156329,      7144,     17682
 870632935, 833487509,     12821,     42977
 890888759, 349185455,      5546,     14340
 220352709,2743598569,      7571,     33925
1931697825,  58552162,       656,      8278
2289561809,1229339412,     12855,     44163
1644486412,1354007221,     13516,     43966
3633416399,3783223465,      4866,     15920
3431196532,1190854232,     14785,     16527
1134074287,2050939750,      2803,     47188
1129226641, 655363677,      5774,     26077
2769512430,1809256673,      3865,     43109
3763266849, 350786012,      3093,     31057
2389437852,1206587376,      3318,     42346
  29393785,3316407101,      4543,     39854
3926428760,1248786109,      4963,     26566
1420560654, 165414013,     22184,     42977
2081782987,2379487203,      1745,     44884
1299011450,2280885364,     11074,     50111
 110416579,1534514637,      3962,     44884
4041511062,1332254530,     28008,     40229
3146823165,1451133913,     15141,     28667
1783733517,4172349983,     11584,     40024
1961794282,3509739406,     30778,     23415
2148176628,3047915565,      1296,     34222
3143913514,4168231348,      1841,     48283
2643756211,2672734140,      8528,     27696
 708708957, 734491282,     21010,     16920
3169456117,2588404112,      3414,     50688
1891118528,2092787654,      2482,     40093
3937357373,1219084772,      7276,     27867
2458060357,4118229388,      2675,     27567
 395816227,2350489780,     18789,     44295
2481040937, 928339625,       688,     21177
2977983581,  36848848,      3157,     23268
 263863258, 930599928,      4543,     11600
  11397584,1379888500,       176,     33589
3217643187,1759316297,     14536,     23415
 362291384, 562035161,     14678,     35067
3026536713, 916847733,      6490,     26742
3450342684,1486879962,      4026,     31993
1422525604,1918441950,      4963,     13645
2075834509,3351427493,     21130,      4697
4040290710,  57398482,     24206,     47768
3901128038,3962897149,      7276,     43473
 860085230,2085895388,      5287,     34811
 547946240,3071292773,      9894,     18832
 798943176,2064482507,       944,     40669
3245233525,3669075666,       496,     36509
2974053070,2057440838,     12337,     46671
1906411770, 832635645,     27381,     24470
3236760907,1994247435,      1360,     42579
2483219893, 487450783,      9425,     33739
 978198532, 241685034,     14927,     48668
3675349481,4225060107,     22431,     48315
 414889497,1945885359,     17584,     49567
4256567595,3358265982,     10028,     45958
1074577547,1743832044,     13481,     25215
2965311784,3523862711,      2290,     18714
 462804412,1658651174,      2482,     21806
1081275524, 797322428,      4769,     27824
2619513390,3950648860,      2514,     36936
4125097231, 484916508,      9760,     48765
1612798618, 828166085,      5352,     24564
 900062551, 231695255,     10330,     35684
 461865864,1567819454,      6686,     25215
4253373232,2266179728,     28950,     15989
4203826551, 496651980,     13936,     17991
 710549320,3808618207,      5741,     17241
3170037618,3821308380,      9192,     49439
1513176362, 299438887,      6882,     43901
1851346513,3076031432,      9961,     42712
2117846402,2964605505,      1104,     50560
1158014787,1539251447,     10095,      8775
1143267676,2211302693,      8462,     38235
 970454754,  71707243,      3318,     42745
3066912852,3078398370,     10904,     26698
3475049582,1160243417,      3028,     17431
2294266525,3058885268,      5936,     33176
3240935805,1904170636,      3511,     43341
1294345166,3494672032,     13029,     44360
 717999358,1133906425,      9894,     39306
 315863086,2569782061,      2547,     10739
2648323304,2142910008,      5482,     37289
1968836863,2718889326,      2996,     27610
3366598076,2987815726,      3801,     35900
3841653317,2814090939,      2386,     40364
3777256271, 379760529,      3253,     44327
3049878939,3099628437,     18296,     30020
 591424550,1161695832,      1713,     11964
3720126318, 303023703,     34423,     10230
2052535902,1180504531,     43194,     25717
1725883623,3753364748,      4284,     12405
4248325867,4217214386,       144,     34738
4083455394,3699190365,      3704,     30181
2700467671, 181208451,       368,     30462
3607356334, 830327020,       272,      4697
3400530882,1311390291,       912,     49759
1075794389, 913790442,      2675,     33025
2448027269,3150216681,      5579,     32301
2187386720,1743585551,        80,     38130
 713173330,3608222579,      1745,     33814
1615050092,1869007711,      8594,     46185
3744534781,3363274947,      1585,     16394
1646534526,2363097634,      8793,     47736
1145598326,2905287789,     14077,     43109
1567845505,2971875878,     21898,     45275
3345387684,2735524157,      6034,     40024
2953957061,3461743238,       816,     39786
2614880536,2285210685,     33481,     27438
1585858770, 347422250,       528,     49503
1133924499,3963950580,      2450,     42413
 579898379, 973687623,       272,     28709
 554428464,1143646050,     19750,     47575
2341241695, 137067917,       176,     36545
4034476662, 282241104,      2033,     43473
1201219261,3606033320,      4801,     45503
3378095441,3237550112,       976,      6882
1850067688,1142469910,      3125,     42113
3427698344,3835705711,     35012,     27824
3103159175, 201362047,     21130,     46574
1745897837, 981208764,      5254,     21124
3252403078,1845847520,      6915,     29533
 159206524, 353775267,       464,     34148
2860339808,4256545850,      1392,     43043
1178687808,4162212545,      2290,     13325
4169704378,1081233644,       880,     20802
1552839686, 276549042,      1553,     22421
3328542405,4155155186,      5352,     18535
2335499060,1236800457,     13901,     45698
2878738070,2152647666,       752,     48219
1074104727, 951143642,      5190,     32185
2403538594,2609648040,     30455,     46703
3593839869, 519708135,      8362,      9014
3252312246,2953632374,       304,     44622
3603526151,3139646001,      4639,     43440
3858684310,2514456662,      5806,     16920
3834441868,1791259547,      2322,     41310
4262159837,4290787758,     36759,     50688
3194247638,2411495804,      2033,     35648
4047244028,3697928321,      8462,     28458
1862909194,3775689146,     10566,     18949
3570461417, 157095143,      8131,     44753
2496342373,1473804368,      6719,     32301
3855857002, 196491607,      1008,     36687
2216066827, 158177455,     13307,     31371
1079735682,1031993643,     39330,     28206
3318429352,2176818573,      1296,     38790
2601325426,2424174039,      3865,     41444
 479050073,3780882246,      1809,     47478
4086600292,4170681767,     42341,     51200
3618128226,2497773247,      4349,     29980
1673478771,4031547000,     11891,     41377
4277573337,3799189370,      2739,     24281
1216502390,2012636863,      4672,     50560
1680158153,3678266221,      8065,     30342
 892893373, 922675932,      4349,     36474
 215981384,3180702377,      5514,     33063
2760048147,2799323220,      2547,     21283
3469925936,1089975032,      6099,     39922
2214265918,1765589816,      5352,     28792
3846398884,4180654729,      6164,     44720
 214288235,3302947033,      1937,     17305
1125783722,2982061641,      7801,     39956
 374340564,2459990377,      3028,     42646
1339528545,3650479497,     22763,     44196
2816824175,1063442399,      6458,     42213
3029730727,1574061648,      1200,     15852
1218562555,3207997865,      7769,     24517
1731395601,4033222145,     41346,     36723
3158867270,2818982178,     45763,     38339
2349702593, 976850659,      8131,     26032
3311904808,1855525192,      4931,     42977
1382278704,3565155788,     15788,     34296
3379338798,4151594867,      5774,     48636
1430059112,3270451333,      8396,     27135
2760007664,1264321181,      1264,     50400
 462716218,3530545896,     10162,     39649
3246198358,  61923500,        80,     26522
3621470321, 496393325,      2803,     42046
 348381866, 630653002,      5482,     24376
2881646696,3637626968,     12855,     34259
 937399806,2195665084,     11277,     45438
1652330018, 318407797,       656,     27352
2465328812,3703182287,      4995,      3073
2130685068,2801912450,      8429,     11600
4266309233,3010130238,      3607,     27824
 858102062,4197396033,     25574,     50015
1979428628, 405059044,      1937,     43802
3373241413,1272993889,      6034,     21017
 401519585,3590803266,     11960,     23121
 782818828, 760088460,      8992,     43703
 943584461,2686788292,      5319,     44196
1779377628,1414190594,      4769,     37219
2905518250,2846038247,       848,     33702
1849862353,2568969845,      8230,     31410
3094915816, 982508755,      9425,     25353
3238247418,2592466893,        48,     35864
1667686276,2416204030,     17547,      2290
4265780727,4031803138,      4446,     26522
4025853869, 104031148,      3704,     25307
1923520258, 527783827,      5060,     41074
2437234656, 681196122,     21979,     34407
1102893277,1834173361,      1841,     39922
3474183842,2782486947,     11379,     47607
3705720587,3920781325,       656,     20694
 890574048,4002580912,      4220,     36616
1163731950, 702139771,       144,     33962
1168302102, 124708460,      3929,     44622
3741278980,3738016598,      5514,     50432
3118731599,2518962457,      9026,     19866
2474234097, 730806015,      3736,     33627
 327665869, 539987971,      2001,     32492
1087837403,1362829902,       720,     32949
3028639143,4240718469,      1360,     40534
1409515317,2119004298,      5644,     31135
3448929078,2471831997,      5904,     26918
2173480153,3924931634,      5644,     13243
1163871920,1931168575,      5676,     31096
3498164057, 305181679,      8462,     17929
3149012551,2187198328,      2418,     27222
3241980265,2648479395,       816,     26742
1288585808,4009771599,     19789,     47929
  92887418,2936344614,     21251,     17049
4245557024, 104817214,     19363,     35286
1635451963,3869141790,     21010,     17368
4018913349,1924196151,     12682,     21806
4201347216,2066541002,     22431,     12053
 315238565,3525500845,      9425,     15221
 800430762,1977507466,      2836,     38409
1568673773,2346040549,     15752,     44524
  68739455,1960996406,     13098,     44916
 312723264,2592694381,      4963,     19922
4182357548,3725017192,      7769,      4225
3139649915,1168260980,      8429,     21650
2766990260,3159911869,      5709,     20090
1119131869, 833107001,       464,     51296
 158100663,4110135267,      3157,     41578
1810359414,2965845155,       720,     22064
 130370132,2389555809,     24034,     23947
 222054759,1174869743,      9159,     25897
1156542877,2615410105,      5384,      8405
 817850059,3750837063,       240,     42513
1151020075, 190404785,      1745,     42280
1855521170,1256333270,      8959,     16790
2910679111,1810329736,     11277,     51040
3436118504,3598257625,      1232,     16460
2556721958,1058997609,     26074,     34701
3629519285,1305122423,     28057,     36080
 397763917,3018365029,     14324,     21961
 613822380,4078292333,      3575,     41746
1654999577,1366890280,      8296,     30181
2259570593,2854286376,      2547,     17113
 836625299,3842175570,       240,     41879
3568076318,1170588615,     12337,     39512
3481025142, 807602479,     33790,     18174
3964172111, 684436861,      9860,     46574
2924925317,2412320985,      7440,     36509
 621787369,2863189381,      7637,      8895
3322892837, 954446967,     12372,     24376
3514097766,2491287722,      6262,     25942
2417801325,3626246240,      1585,     23415
  12754798,2596261231,      6197,     38928
4140340601,1004370056,      6327,     51072
1159901327,3794065545,      3929,     45893
 141227534, 133658822,      1745,     49919
 988041085,3664626036,      9626,     28248
4091488706,1547462763,      8329,     41142
1444440976, 314014004,      6556,     48411
 101813047,1205182743,     40634,     11320
1554226280,1091364598,     14289,     44426
3397945266, 729715829,      5936,     27739
3294998081,1482360242,     16295,      6568
4163049139,3255994924,      1072,     28374
1304812841,2013095352,      5222,     27266
1051124686, 490895996,      3865,     20640
3973152313,1534866631,      8959,     22167
1921327515,2962902710,     29562,     14415
2926182180, 632567082,     15607,     22723
 789274293,1442460060,      4607,     41913
 810607731,3203476953,      6621,     41779
1455974198, 999849074,       304,     51456
2202986733,3041079345,     16844,     35358
2483449360,3986105415,      1937,     22923
3798226850, 222432939,     13796,     27005
3070570692,3802562903,      2386,     48540
2900421034,1645504849,      6067,     43901
2888295174,1372714569,     35828,     17049
3492827417,2117720431,      7538,     16394
4106441900, 104641991,     24862,     37289
1565747197, 467027163,      7966,     32911
1833891540,2575016452,      5611,     10125
3133897932,3557157545,       304,     35539
3617215348,1511125924,      3575,     50400
3948109817,2734609018,      5482,     14639
2482342214,1966160724,      3736,     47413
3945467055, 118502799,      3736,     40093
2872038866, 760156348,      3704,     14112
1546618035,2348643859,      1232,     34811
1215784925, 679138250,       464,     49310
2122667646,2171158534,     15070,      6727
2701628344,2867481153,      2771,     32911
2568674200,3567682344,       112,     43010
4035519794,1826927935,     32581,     32147
3867731341,3653615549,      4381,     43341
2185762600, 187860106,      6817,     48090
1662585584,1441718055,      7473,     22923
 524778785,2097609388,      3768,     38339
 810310448,3564657223,      2354,     45308
 770092782,2445432774,     32581,     12318
4051689941,2255230539,      4639,     30780
3322362025,2563727294,      3253,     50752
1265463946,1490749543,      5644,     19298
3732627210,2319802750,     18221,     19810
 565852922,3596795168,     11754,     39956
1674406444,1819003873,     11243,     11130
3349302448,3911773952,     21857,     32835
2143381392, 601559018,     10566,     27179
1176691058,2022373488,      6915,     21230
 184217821,2489684068,     19094,     26698
1281447505, 861412405,       848,     41276
 526412316,2269463125,     12821,     40635
 923677912,1993134725,      8098,     27696
3370795583, 938655593,     41242,     40872
2025464750,1290571995,       816,     38443
2425675775, 626079273,      7308,     31877
3940146081,3269113256,      3768,     35792
2915846123, 508368306,     13831,     35322
2895972685,1269735402,      1392,      4467
 935812525,3760169213,     43861,     18535
2764684802, 264153929,      2579,     45535
4164615370,3806236090,     36109,     41478
1782044894,4011094683,     30724,     42280
 920787787, 763257665,      6490,     33702
1640073195,1852429010,      1200,     43572
1142841732,2115756149,      9292,     40973
4225399277,3072484481,      1617,     34665
3583182061,3006833430,      5449,     38686
3447909507,1358474486,      4478,     30938
3136650234,2831911140,      8760,     19355
3103319541,1243328162,      9259,     34407
2143250662, 432671272,     10634,     11692
3531150828,2688212823,      6392,     12053
3768848034,3162352073,      4155,     39341
 709454268,3911395176,      5319,     36545
1289267523,3163247240,      2354,     35140
 921215762,  24080902,      2386,     47317
 626815868,2059511488,     45405,     53633
2719146231,  20600240,     13272,     28542
2518928796,2580362691,       560,      9247
3490015922, 634151889,     14998,     22522
 679021031,4047619831,      6490,     44851
3595844875,2882554600,      1809,     37535
2058696338, 757879773,     11277,     32607
 852915355,2028940242,     15034,     11033
1604763349,3558256768,     20258,     44131
1301735173,1531669530,     14785,     47832
2474399924,3882794425,       720,     51360
2154751827,2131213760,      6686,     39031
3415413679, 625236596,      2033,     34370
1184811387, 797855030,     14749,     29205
1579813061,2239962071,     23435,     48347
3465232813,4092884198,      4607,     35828
 681511697, 778049463,      2739,     33552
1253355199,3041847197,      7243,     21070
2996007875,1286070538,     17995,     41209
1337224062, 467972694,      3125,     48347
2694072451,2404336728,     45234,      1024
2687580901,1635096254,     11584,     14713
 710045337,2366825778,     27477,     27696
3194765367, 929424763,      3897,     39238
4266682954, 658893617,     11789,     39956
3836703839,1087214870,      2450,     22673
 355212817,2010892875,     14465,     39752
2960227779,1104587541,      2868,     37886
3666862877,2723224046,      1649,     15714
 870306836,1002661488,      6784,     31722
3506475221,1153212263,     16005,     43703
2564416704,4189333444,     14359,     35104
 842855567,2538244315,      3801,     39820
4203418286, 753782197,      7473,     47800
  21116295,3855356688,      6523,     48315
2148748814,1075669122,      1521,     47961
 799158624,1847746331,     32464,     15714
2071455605,3213485490,      6262,     16724
2158582755,4057767571,      9459,     38339
2939083675,2659254154,      4478,     48347
3193948719,3233222862,       496,     44949
1119304423,3771376355,      9894,     48251
1900587037, 457187093,     25261,     12746
2801083401,1926852056,     23014,     44687
2911410585,4263730138,      5287,     14713
1850832450,4178920991,      4769,     30060
3580642212,2148485229,      2932,     22673
3035942736,3351846644,      6752,     14340
 844130431,2502728799,     18827,     37324
3652910086,2128914663,       720,     27909
 332263203,3170764857,     20732,     29370
3920876248, 971144239,      2900,     31371
 479853050, 249790182,      3897,     37571
2310123755,3858296677,      4446,     24281
 703086570,1014922336,      1456,     22064
1657352650,3017368745,      7703,     21177
3956358783,4081202478,      3253,     15852
2783778002,2728704603,      4575,     39066
3666193544,2242489976,     14465,     33364
2224052474,1446771658,      5125,     25581
1787214947,2246512516,      1809,     41175
2044735464,2216453935,     17995,     51072
1031972659, 842189269,      1200,     18949
2332574082,2923856343,      6915,     23366
3948205441,4131058035,      5904,     44884
1692322279,3159570556,      2322,     33025
3716558053,1638895361,      3994,     42080
2835328519, 787719457,     15213,     18535
 919592188,2818674828,      7144,     43769
2330022229,1891986498,      8362,     25852
 552072718,1427281091,      7769,     38997
3447572087,3461093043,     11652,     32683
3848481418,1483446081,      8164,     30581
2073942201,1913559987,      9894,     42944
1453732436,1094641346,      4898,     37324
2293444307,2405099973,      3607,     49022
1974131297,3250527200,      2643,     34370
1536415597,3139501297,      1873,     16920
 805903985,1468765715,     13901,     16192
3142787244,1597214692,      2643,     45340
2454997054, 826141297,      5319,     27781
4057434755,3668811888,      6882,     19978
3687262921,1454122954,     21411,     48797
4266620975,3531382559,      1104,     45242
 783809126,3680991701,      1553,     33289
2490233599,2138684395,     10196,     40771
1992894322, 361476299,     15860,     43901
 121484409,1216433469,      3479,     12491
 250983485,1876839198,     11550,     13724
 364303299,3222207515,       240,     52032
2890469984,3474690944,      6099,     47026
3466707784,3392047682,      3736,     48379
 473305129,2858378372,     13168,     23170
2241062298,3321342237,      1264,     33627
2143292510,1722281050,      7308,     22623
 155526370,1172212433,      2033,     47961
3773352236,2139970808,      8660,     19697
3211162592,1309812887,     11175,     30700
3317264300,2700872120,       944,     45958
4100895006,1867784781,     33116,      6405
3061549936,1192008233,      3028,     31096
2908832054,1001569070,      8230,     48829
2330468961,1349231704,      8197,     27994
2247629617,3604505238,      1200,     29247
3010487946,2388644625,      7079,     46638
3692257101,1945925580,      1489,     32301
 767625769, 107402482,     11243,     15714
1693578409, 368323257,      1296,     38720
1038955200,2272032090,      2996,     51168
1493235316,2778180137,      4510,     41712
3285971142,1684072853,      7900,     44524
2183482892,1160740963,      4575,     33251
 101933141, 913433768,      4963,     29574
2279478324,1747229409,     13063,     40024
2427349800, 695083237,      5611,     47220
 417872001,1319699933,      5969,     21755
2186029620,1214271324,     19325,     44589
1488048024,4293777408,      5352,     27438
2273341848,  51396811,     12544,     25717
3858643959,4072528325,      1905,     33664
1899523549,2007087518,      7604,      2710
1100382139,1032079481,      7966,     39134
2649816012,1758357373,      1969,     35539
 127948910,2446014693,     10364,     28206
2922878423,2613198073,      7407,     39581
3569082799,2479312226,     30941,     45210
2438624412,1841400126,     27096,     43473
  35857005, 500585995,     16587,     36509
 783588548,2601420104,      1553,     24611
3891434195, 710487863,      9026,     32949
 224362650,1378478426,      2226,     47446
1815612540,3408118803,     23605,     12142
2834989385,2678309166,      6719,     39546
2457571147,1330156848,      1008,     39375
2711499928,4129207997,      4091,     41444
1129928159,1394844935,     20811,     25077
 146102020,1933431807,      1168,     32569
4228006827,3613768230,      1553,     38893
1548787740,1667296113,      9492,     19810
  78446614, 128816278,      8594,      7034
2434134901,2933057114,      2964,     38720
3034056948, 712214482,     24467,     25490
2384041164,4174269469,     13691,     40838
 707968912,1830799054,     17658,     22218
3942344444,4089508516,     16005,     23707
2598884430,3344022261,     12097,     17744
3215842535, 944495692,     33915,     11508
1150384934,1339098362,     29926,     40058
 745332977,2970864093,      4543,     25261
  49496935,3116943314,      5774,     28750
3124289605,3969425854,      1296,     18113
 684401312,1503671504,     12441,     29777
1789654243, 374723385,       624,     36223
2351142057,1281249560,      1072,     27994
1046749317,1737352418,      7736,     37746
2486599624, 314303516,      2354,     47220
 566164054,3758987868,      1649,     40534
  41773150,3885416458,      4058,     40872
 248638144,2418124003,      8627,     22472
1997213191, 809560700,      9192,     44589
2740915432,3072308007,      6588,     39341
 968758100,  26064137,      9159,     34185
2727729970, 426229060,     20771,     47349
1693429675,3203631100,        16,     50688
2188997555,2461155582,      6099,     48829
1446046988, 582626721,      5579,     21598
3230652974,1948486441,      3672,      3073
 759863568,3707716020,      1681,     16394
 118867595,1058803002,      2258,     13802
2049146376,2599649476,      4898,     14490
   1217111,1284158513,     11379,     50176
 483374895,3525277509,     17250,     34884
3331026720,2206984283,      5222,     38547
   1418213,1226251134,       400,     18773
 874182381,3242054130,      4381,     46509
 805042080,2466646664,      7177,     40500
 621740671,3343836998,      8528,     38962
2812382071,2754539703,      6001,     26961
2352884289,1436660063,      2643,     35176
 685749580, 196521411,      9259,     45828
2832513498,3718499616,      2707,     23610
1488456085, 617810892,     14359,     40364
1657736624,2341293859,      8893,     34185
2043078076,1206694175,      4736,     38235
4132675093,2885816577,       304,     35213
1420788647,   7645672,     13726,     21124
 848145565,1862365385,      5676,     43043
 905923905, 872235686,      9659,     24658
 877744631,3161856784,      9659,     37711
2127619531,1958208526,      2290,     34259
 664546860,1240227826,      4284,     46412
2478399895,3144912070,     27381,     35539
3087414066,3849898238,       496,      1774
2114608713,1308647722,      8893,     24984
 390807755,3550012394,     15284,     21230
1359247781,2719168390,      1040,     34148
3475387257,1592668435,     10836,     20311
2190765923,3666027108,     15896,      8654
1007431646, 677413016,     28849,     44131
 463291796,2112019459,      2547,     12318
 639770304,3473552534,      7703,     23366
2081856071,1106554951,      4834,     50720
2118980449,1162363897,      2129,     46444
3605309071,3508456511,      3833,     35539
 341680091,  90927979,      1456,     33552
2383066481,3588288246,     11447,     17494
4186336326, 657120443,      2354,     26961
 633104359,2791563832,      9092,     47413
3781933592,3434152362,       976,     38026
4151406630,1586060255,     27959,     13958
3779681195,1084454456,     33852,     43637
 245026481, 787898955,      5222,     42113
3083489452,3890468679,      8230,     18832
3867056383,3962381696,       592,     55692
2870860099,1247828240,      5579,     12405
2912421374,2201234912,     21291,     39546
3397514751, 404987547,     12303,     11130
2437903177, 926639881,      3994,     50944
3352591170,1719032567,      7703,     48797
3354969696,1973925695,      1969,     30101
2595589510,2727189166,     19018,     42380
 837453230,3202965742,      6001,     30141
1285161349,1730252968,      7046,     34848
1697430250,2806619811,      6817,     17113
3531866690, 701462979,      7243,     16057
2969667232, 124201556,      4155,     47865
 687554913,1129552743,       944,     28332
1144267721,3220970249,     10972,     29696
 667026175,1797453019,      3962,     22320
2034719570,3295519016,       624,     12491
 625268094, 806823424,       400,     48733
3394677181,1164991698,      3446,     21755
2860022242,3034505130,     16077,     12831
 623479160, 816208381,     19286,     38270
3359830896, 885761940,     20851,     32797
3329908882,1738406474,      6915,     24376
 221219641, 556947683,      6001,     33851
2230977689,  78909654,     14324,     45763
1067104713,4003499384,      6425,     14340
2375461823,3679803895,      1136,     20201
2126004958,1839552751,      2803,     21806
4237423561,1231306309,      8959,     30978
2792517120,1068204937,     22972,     13405
 421994240,2714069315,      8230,      9585
1276747158,3822854846,      4381,     40127
3346239065,3552543708,        16,     42046
1414896364,2211232466,      7013,     38720
1384668258,2012081403,      4413,     35900
3081752921, 451228234,     15213,     15221
1996492573,1837545676,      8362,     29123
3646257786,1388588516,     18334,     25215
3301734269,2603047672,      4672,     47993
 532651299,4120654013,     13098,     43407
 539727455,  70450038,     13446,     40838
 339530636,1971400270,      3414,     28458
3448825793,2454292750,     10129,     41007
1169137725,2992971825,      9693,     24658
  24795990,1043225914,       432,     46832
3017776165,2251891217,      4058,      8654
 905959976, 839775137,     11141,     29492
 586321249,3881712811,      7769,     41746
3430911976,  23687804,       240,     41946
2585391145,2582718443,     17995,      3073
 124661492,2663885998,      7867,     50208
3141540788,2759660990,      2386,     31915
1416559728,1438139704,      4607,     14112
 841084879,2886564912,      9526,     49406
3208885896,3909348178,       624,     25077
1001307148,1145860044,      6948,     40534
1153652134,1110139147,       176,     23899
1028946636,1701736049,      7933,     36545
4164538682, 894841717,      4995,     20090
1988099622,1888477485,       880,     39854
4226243923,4114991909,      7637,     46994
1083944487,1528252711,     17472,     36367
1142307084,3905179348,      9793,     38339
2283587521, 746973712,     15392,     49406
  26941765,2456639860,     14572,     47317
1238431620,4276029634,      7341,     43275
2366887693,3867111526,     10364,     31253
 947151335, 207327027,      1424,      1774
1918177870,1987329126,      3801,     12405
 333732213,2663381617,      5028,     36188
2588696209, 875637533,     17287,     19922
1911293607,3579558839,     12097,     27567
2507100431,  32373453,      1713,     42213
3299203234,1063722333,       880,     21494
 103808506,3361140653,     32117,     30780
2279160467,3183151911,     10229,     48476
1166558547,3461433085,      9192,     22064
 275133651, 318406062,      2194,     50912
4084433548,2433769693,      6719,     20145
3345996380,1832670181,      5579,     46962
2765118350,1406602395,     10431,     29288
1660627221, 815335009,       688,     32492
1036371766,1591689171,     14007,     31214
2708104240, 589139733,      5546,     21177
 498907889, 281029942,      3060,     48733
2621835229,4068618268,      5319,     15149
3728193215,3156042525,      1745,     54564
1975399332,1321389589,      8230,     31954
 571122091,2346428839,       176,     24752
3124555068,1411404360,     10634,     24611
2950829518,3611065848,      3962,     28248
3040247676,1222891284,     21170,     37746
3535243593, 315716972,      2162,     34554
1007551994, 892477553,      6425,     28999
3933952325,3132497284,      2868,     20145
 783042181,3974289643,     15716,     27824
 950315038,3443351116,      9026,     42113
4043780147,3376303602,      7966,     28163
1314889760,2816058173,      5644,     41879
2683367177,1449100258,     14465,     43209
4191863816, 839053552,      4058,     23658
 443135054, 841683402,      3994,     40737
2628361842,2295155007,     12821,     17431
2126473261, 439612102,       912,     24517
4193338440,  24453295,       368,     17368
4147633177,3912998228,      4478,     49727
4051238879, 316545574,     41452,      8018
3911990397,2703953983,      5709,     14112
4206035118,1844884339,      3543,     43076
1820486460, 779715490,      5774,     46832
2864328612,3400077943,     11960,     24984
 958744804,1748028694,     19711,     48379
 136289915,2934515302,      3286,     18113
3456738406,2490230111,      3446,     34185
4046001552, 524907102,      7177,     17305
 839511541,2362731312,      5417,     31017
1389817265,4134561633,      4834,     34111
3588680379,1163098099,     23351,     24705
 625228982,  26397563,     43454,     48701
3652851714,1884768634,      2450,     34333
2925864102, 844862146,      9961,     22370
3301299658,2194779269,      1873,     33589
3567526536,1914671206,      2162,     47188
2409713386, 743646192,      8429,     45925
4160590642,1729163499,     14572,     16659
1665320209,1200685343,       560,     26786
4231835887, 699111794,      1553,     30501
1986566779,1539857111,     12441,     47510
2846581832,1932870849,       304,     32721
1230361171, 327825435,      3672,     33289
 170155958,3205070329,      3479,     35213
2686755087,3000065092,      4575,     33514
1181179375,1956297189,     19363,     29370
 392983755,3923854328,      7604,     16593
2923025454,1038557539,      6882,     41779
 425954626, 373093511,     12131,     30462
 682927156,  66521833,      2868,     17113
 572978728,1830657004,      7867,     34591
1982212016,2562520455,      5319,     44622
1572587885,1863272847,      5806,     25762
3870007515, 394095299,       592,     23851
4054046513, 328171512,      3382,     24470
3476580854, 151928105,      7736,     24470
1725635709,3653070506,     13551,     40093
2940892628, 197137176,      3028,     33364
4129252905,1923112225,      1040,     21070
4124028666,3011777841,       208,     25852
1674647393,1667183081,      1873,     36794
2395565145,3809290420,      4187,     29655
 746356287,2266476256,     18371,     21910
 821771921, 584995861,      1521,     39888
 597719532, 363980308,      8131,     31954
 823975084, 741643489,      5676,     49150
4271128565,1011427924,     12097,     45796
 196475490,2360884729,      7670,     30342
4233215183, 774467431,      2836,     12405
4083134783,3942515683,       528,     36402
2070697567,2971325658,     22266,     39100
1455872785, 972049865,      2579,     19584
 451684639,4119833592,      1681,     46735
 449613408, 561923023,      3929,     49663
2895886488, 686014604,        16,     18773
1402690613,2442774135,      4058,     36616
2297473232,2503520067,     10431,     27909
 130178890, 912695705,       784,     31057
3942969516, 303934003,     16150,     14933
2337291715,  84697208,      4091,     21546
1085405776,4097749711,     11175,     43374
3092573820,1202957272,      5546,     39683
3884003651,3433742201,     26488,     18476
 627086162,1934478685,     20376,     33589
 845021250,3257632801,      6948,     39854
3583410808,4076861060,     37437,     42280
2070460858, 321608432,     41035,     22320
2291948379, 752994332,      1489,     30462
1191976664, 263211696,       656,     24091
1644966139, 468174216,     10904,      6238
 294994709,3532005684,      4769,     40093
1954976778,1494248154,      7670,     21910
 971517092,1243642237,     40536,     33364
1331102636,3267859856,     10870,     29247
3508984111,2588764795,      7374,     22370
2608230957,1868261827,      9425,     43934
2570611596, 624670968,       880,     33025
1621489575,1512349692,      9325,     33925
 146214802,2861474027,       176,     37921
3999797184,3693714532,      7276,     32721
 513960607,1132475821,      6490,     35395
1202904074,4238627402,       560,     30859
2812548677,3414977406,      1713,     15005
1296792662,3609228897,     10532,     21858
1221222998,3732525329,     11243,     38582
1806224062,  75752695,      1424,     41478
3091797509,3262654675,      2418,     16125
2257803530,3535335537,      2482,     33100
2481260017, 874615825,      5092,     34665
 865243676,1864716471,      6360,     35031
1358434454,  15014182,     12959,     42213
3514668577,1656794392,      5904,     32987
1954301861,1350639042,      3672,     44327
2859045513,3499182705,      3672,     16260
2930143908, 562839051,      2322,     35395
3173805691,1016873907,      6817,     28709
1445191998,1274211956,      5676,     36794
 157494526,1894507559,      7999,     40058
 780863065,1652929859,      4866,      6568
2521161867,3325079421,      4026,     24234
 562589675,4108246327,      9526,     39581
2067976644, 162901484,      9225,     34481
3756931540, 474850285,     45234,     59438
3068243574, 655345383,     33915,     33888
 776837039,4254302659,     14749,     28248
 443421929,1126492728,      6654,     45600
1354384907,1952013950,     15464,     37746
3286358195, 552075821,     16624,     25987
 997853765, 701961187,     12200,     47446
3594181662,2684008571,     16587,     45860
3083207903,3351439349,      9092,     48572
1321782275,2383680072,     11584,     22972
 215583745, 435637027,     10364,     33251
 448050679,3452577086,      3511,     15644
2999060170,3772114739,      3704,     25535
1241943823,1733759948,      3672,     37921
1042308921, 225843413,      6882,     22167
3762070374,2107103710,       368,     47897
3571745085,2151857414,     10431,     38962
3443310389,1714898744,     10364,     39512
1181918927,1129115931,     33420,     33138
3673997499,  78690375,     10263,     48829
1790118352, 400503655,      9459,      5890
3973408656,2976399431,     15248,     35431
3621724159,2728497404,       240,     27481
 145140812,3659935886,      2226,     44884
2531770213,3159597392,        48,     23755
 690306172,2085201541,     12613,     50336
3161854358,4056590313,      4123,     38026
3825991620, 885323674,      1136,     36900
 975455191,  12848257,      5936,     35792
2070252287,4257831996,      1136,     46185
 385358362, 119336558,      7736,     29533
3817100361,3673967406,       400,     49759
3819344215,1626728246,      5319,     39717
1635699655,2924832079,      9726,     19066
4215009547, 511235643,      4381,     47639
1292444659, 925778637,      3639,     33514
 228510502,1832600463,     18032,     16593
4123919328,1543898147,     17509,     11414
 734404669,3954544328,      9259,     29123
3112842285,3915411079,      3093,      9913
1712013328,3703548444,     10095,     22421
2414927258,2818228170,      7769,     27438
2987752656,  72924080,     20219,     30780
1143598650,3311217614,      7999,     35936
2462414301,1811928704,      8197,     17431
3798501731,1661478852,     31161,     32339
1234452848, 476366340,     14891,     43506
1244925915,2760653868,     11175,     43835
 449389436, 582765767,     23819,     28625
3931630924,4090209181,     35689,     42446
3964081206, 107639085,      8495,     36080
2249089489, 281589216,      5449,     44065
4153533199, 171846604,     11345,     31683
3625298090, 386363581,      4316,     45340
 893038340,2922927357,      6327,     34701
1857780712, 501414195,      4381,     40093
1358299506,1754710804,     30242,     44818
3340495754,2575529941,      3253,     15434
 152635910,1801010830,      3446,     37606
 898512240, 335177283,      2386,     36116
 535256910,2727798237,     27238,     26077
1263073883, 225340010,       560,     21070
 483036527, 620791850,      5936,     29205
1123566458,3141028742,      2514,      9805
 131032956, 416095030,      7079,     47768
1127971006,1826980091,      4543,     40602
2098458650, 783058407,      3929,     23317
3347471998, 627300736,     25529,     11600
2759084103,3538580401,      4543,     44426
1224296707,2352979964,      7341,     18654
2623507255,1342423169,     13761,     45340
3414404977,3449366388,      1969,     38893
3830177961,4035241013,      3897,     47284
 284482020, 799620064,      4898,     42579
3344391686,3787478854,      4866,     44949
2510246223,2872024526,      2547,     27352
 453109041,1515149481,     30031,     23219
1802911739, 495356940,      7144,     24376
3937454366,1232337599,      2868,     45990
3434200401,3060628265,     11074,     41813
1567350042,1595124004,      3318,     23219
2834478533,2955575462,       656,     40838
 625151666,2850450210,     29459,     24139
1357363600,3422707973,     41998,     28750
  46517820, 188867203,     11074,     10838
1843178589,2987569379,      4995,     33214
1068038012, 724305499,      5254,     34994
3249806508,4128699201,      5839,     38720
1143590582,4133826931,      9225,     31292
 888441131, 811681726,      8826,     12914
2648629987,2498846464,      7341,     21858
 477313179,2620622490,      3382,     47961
 602642121,3294355393,      5871,     49695
 485380726,3225101994,      8230,     28079
 599723742,2343311701,       656,      9474
3830929179, 300495848,      1360,     24139
 862116175,1788987715,       688,     46412
3437103838,3748949190,      4543,     16790
3300970405, 719152883,      3253,     37077
 177534229,2627979011,       624,     43539
 169233714,1077061354,      9359,     41175
1261224316, 499710168,       400,     14639
3418225103, 843526190,      3672,     22218
1530539752,1074822830,      9225,     37254
 420384854,3080783041,       688,     26786
1131589368,1667312144,     13621,     12491
2687145726, 824553887,     14785,     46638
3321940157,2751172322,      4704,     38061
1200859555, 551201811,      3093,     23170
3204254367,1132095402,      3221,     49150
3727357465, 774727810,      5157,     13325
1948250277, 541371196,      2226,     34628
3087771099,2151412558,     10129,     26345
1681968948,1136165985,     26303,     11508
 952905330,1012757338,      2450,     13802
 526558510,3865695103,     11074,     24376
3989879991,3008080009,      4543,      1774
3230437212,3567292282,      2771,     23947
 915159976,4030396772,      4704,     28958
3352335496,3046094117,      1905,     39272
1676583318,2219015146,     13866,     10739
2479085122,4229460357,      2001,     10739
2494028971,2535983939,      4672,     30819
4205317377,3046644941,        48,     42046
2653833041,3290025147,      4931,     36080
 262064895, 803181841,      4381,     43440
2944881766,1005233916,      1136,     29655
1074919061,1090984099,      6686,     41377
2380495181,1210738913,     19018,     50848
1366082856,2169154450,     11379,     36188
2155414340,3765278651,      4898,     16125
3240774136,3644049002,     17176,     38165
2781224200,1170421031,      8362,     30740
 859026322, 144709689,      1168,     48893
 380803273,3432648082,      5060,     42911
1366857031,2744106615,       304,     28248
4132178634,1050848252,     10634,     15644
1663818516,1373020672,       624,     36865
2697851802,3023722465,      3286,     42977
1537256728, 235337436,      1905,     22116
3939399590, 471485940,      2996,      7328
2692983090,4183386563,       432,     38478
1940162794,2102275252,       816,     26434
3776854478,1721319942,      3318,     42146
 809240126, 817577080,      7046,     41612
 656209711,2429129020,      1585,     51232
1281689692,3917227510,      2964,     43901
1672593202, 312438434,     17028,     22972
 430048204,1059597362,      9693,     38893
 521195414,2644841121,      8429,     26167
2840803653,1576657969,     28699,     27994
3116552649,2797541634,      4187,     32759
 714736342,4255860627,      3157,      7182
1214626549,2501215142,      9559,     36474
 892010516,1629026896,      8164,      8278
3125304195,3366055290,      5287,     15783
1197625726,1578625607,     32406,      9805
 622568596,1779612762,      6850,     35140
 774922977, 209950625,     10972,     48540
1493492735,2037638100,      2547,      7034
2000913535,2930747584,     10667,     36080
3431531853,3538487353,     28799,     31566
1174088046,1513721578,     12234,     10437
2074383503,1851036518,       368,     48154
 539881738,2336168011,     16041,     55176
 129947089,3737909102,      4834,     28792
3456727757,1626995575,      3157,     11130
 323724745,1684695427,      1777,     37395
3790893956, 517358002,      3962,     19240
3010471365,1076729122,      7703,     49214
2648482052,2097908655,     31106,     42944
2026197834,1010152341,     21898,      9014
1753336444,1171608037,      4866,     20256
4097018860,2099042534,      2547,     32949
3468560345, 360229107,      8660,     42878
1004813942, 292424371,      5417,     39203
1816254182, 236469323,     34359,     27179
1020348241,2211907447,       336,     10125
1899227013,1223623972,      1585,     41645
 252709987,   4500752,      3865,     50560
 738663844, 222641901,       624,     18295
 354797906,2526945186,     27238,     43966
4081597510,3523132491,      1296,     30101
2443768629,1184222481,      7177,     42346
2911874875,1400613785,     24729,      7471
2287843870,3045909014,      6132,     18832
3931722192, 106252610,      4349,      7611
 447937605,2495286051,     18980,     25077
 674737434,4189353371,      5644,     49022
1376344509, 339771886,      3929,     48411
 818840955,3892296699,     12063,     47123
2494888776, 736671078,      1328,     44851
 154534742,1089762349,      5741,     48058
3108519620, 753375819,       752,     43703
1173606392,3152066118,      1777,     15852
3456784377,4093253369,      8197,     45340
4273712699,4186506656,     12200,     24752
 766019813, 813585539,     22143,     35648
 284581303,2388117511,      9793,     49599
 834874370,2768996747,     15932,     28584
2078943677,2623490472,      3768,      9014
1043959241,1312059154,      1777,     36044
 933347413,4113605173,      5611,      2290
1810946770,2736966563,     44904,     29247
4155792166,4057395220,      2450,      6238
1289309478,2168607730,      3318,     43506
1399943954, 719839002,      3543,     30899
3534405797,1500010273,      2643,     21806
2577710517,3218142743,      2194,     26389
1643550418,2329766619,      3994,     25897
 513131337,1218542958,      4931,     45893
1822356000, 861740574,      4736,     20201
3838183292,2475419529,     10330,     28584
4233451448,2923934797,      9292,     50912
 824106846, 854220663,      3253,     47736
